ArraySize,StdSort,MinMaxQuickSort,GnuParallelSort
1000,0,0,0.00100017
10000,0,0.000999928,0.000999928
100000,0.00400019,0.00199986,0.00100017
1000000,0.0479999,0.00999999,0.00800014
10000000,0.561,0.1,0.0579998
100000000,6.408,1.269,0.522
