ArraySize,StdSort,MinMaxQuickSort,GnuParallelSort
1000,0,0,0.000999928
10000,0,0,0.000999928
100000,0.00400019,0.000999928,0.000999928
1000000,0.0470002,0.00999999,0.0079999
10000000,0.565,0.104,0.059
100000000,6.447,1.15,0.504
