ArraySize,StdSort,MinMaxQuickSort,GnuParallelSort
100000,0.00399995,0.000999928,0.00100017
500000,0.023,0.00399995,0.00300002
1000000,0.0479999,0.00900006,0.00699997
5000000,0.272,0.05,0.0280001
10000000,0.569,0.104,0.0570002
20000000,1.185,0.195,0.104
30000000,1.814,0.294,0.155
40000000,2.437,0.399,0.204
50000000,3.113,0.564,0.256
60000000,3.794,0.672,0.316
70000000,4.46,0.884,0.373
80000000,5.147,0.877,0.417
90000000,5.749,0.946,0.461
100000000,6.46,1.057,0.515
