ArraySize,StdSort,MinMaxQuickSort,GnuParallelSort
1000,0,0,0.00100017
10000,0.000999928,0,0.000999928
100000,0.00500011,0.000999928,0.000999928
1000000,0.0479999,0.00999999,0.00800014
10000000,0.569,0.099,0.0580001
100000000,6.457,1.077,0.517
