ArraySize,StdSort,MinMaxQuickSort,GnuParallelSort
100000,0.00399995,0.00200009,0.000999928
500000,0.0219998,0.00500011,0.00399995
1000000,0.0480001,0.00900006,0.00699997
5000000,0.269,0.0479999,0.0310001
10000000,0.572,0.104,0.0550001
20000000,1.179,0.209,0.098
30000000,1.825,0.31,0.163
40000000,2.482,0.416,0.224
50000000,3.097,0.528,0.269
60000000,3.748,0.612,0.302
70000000,4.436,0.796,0.354
80000000,5.147,0.852,0.432
90000000,5.682,1,0.451
100000000,6.351,1.132,0.518
