ArraySize,StdSort,MinMaxQuickSort,GnuParallelSort
100000,0.00400019,0.00199986,0.000999928
500000,0.0220001,0.00499988,0.00400019
1000000,0.0479999,0.00999999,0.00699997
5000000,0.268,0.0480001,0.023
10000000,0.574,0.105,0.05
20000000,1.167,0.204,0.104
30000000,1.802,0.306,0.151
40000000,2.426,0.443,0.198
50000000,3.075,0.536,0.266
60000000,3.763,0.679,0.318
70000000,4.379,0.775,0.352
80000000,5.044,0.906,0.422
90000000,5.851,0.939,0.419
100000000,6.45,1.063,0.468
